Gene,CHROM,b37 POS,b37 REF,b37 ALT,B37SPDI,B38CHROM,B38POS,B38ID,B38REF,B38ALT,B38QUAL,B38FILTER,B38FORMAT,Default GT:PS,B38SPDI
DYPD,1,,,,,chr1,97078987,rs114096998,G,.,.,.,GT:PS,0/0:.,
DYPD,1,,,,,chr1,97078993,rs148799944,C,.,.,.,GT:PS,0/0:.,
DYPD,1,,,,,chr1,97079005,rs140114515,C,.,.,.,GT:PS,0/0:.,
DYPD,1,,,,NC_000001.10:97544626:C:A,chr1,97079071,rs1801268,C,A,.,.,GT:PS,0/0:.,NC_000001.11:97079070:C:A
DYPD,1,,,,,chr1,97079076,rs139459586,A,.,.,.,GT:PS,0/0:.,
DYPD,1,,,,,chr1,97079077,rs202144771,G,.,.,.,GT:PS,0/0:.,
DYPD,1,,,,,chr1,97079121,rs72547601,T,.,.,.,GT:PS,0/0:.,
DYPD,1,,,,,chr1,97079133,rs72547602,T,.,.,.,GT:PS,0/0:.,
DYPD,1,,,,,chr1,97079139,rs145529148,T,.,.,.,GT:PS,0/0:.,
DYPD,1,,,,,chr1,97082365,rs141044036,T,.,.,.,GT:PS,0/0:.,
DYPD,1,,,,NC_000001.10:97547946:T:A,chr1,97082391,rs67376798,T,A,.,.,GT:PS,0/0:.,NC_000001.11:97082390:T:A
DYPD,1,,,,,chr1,97098598,rs1801267,C,.,.,.,GT:PS,0/0:.,
DYPD,1,,,,,chr1,97098599,rs147545709,G,.,.,.,GT:PS,0/0:.,
DYPD,1,,,,,chr1,97098616,rs55674432,C,.,.,.,GT:PS,0/0:.,
DYPD,1,,,,,chr1,97098632,rs201035051,T,.,.,.,GT:PS,0/0:.,
DYPD,1,,,,,chr1,97193109,rs60139309,T,.,.,.,GT:PS,0/0:.,
DYPD,1,,,,,chr1,97193209,rs200687447,C,.,.,.,GT:PS,0/0:.,
DYPD,1,,,,,chr1,97234958,rs199634007,G,.,.,.,GT:PS,0/0:.,
DYPD,1,,,,,chr1,97234991,rs56005131,G,.,.,.,GT:PS,0/0:.,
DYPD,1,,,,,chr1,97235033,rs12137711,C,.,.,.,GT:PS,0/0:.,
DYPD,1,,,,,chr1,97305279,rs112766203,G,.,.,.,GT:PS,0/0:.,
DYPD,1,,,,,chr1,97305363,rs60511679,A,.,.,.,GT:PS,0/0:.,
DYPD,1,,,,,chr1,97305364,rs1801160,C,.,.,.,GT:PS,0/0:.,
DYPD,1,,,,,chr1,97305372,rs146529561,G,.,.,.,GT:PS,0/0:.,
DYPD,1,,,,,chr1,97306195,rs145548112,C,.,.,.,GT:PS,0/0:.,
DYPD,1,,,,,chr1,97373598,rs137999090,C,.,.,.,GT:PS,0/0:.,
DYPD,1,,,,,chr1,97373629,rs138545885,C,.,.,.,GT:PS,0/0:.,
DYPD,1,,,,,chr1,97382461,rs55971861,T,.,.,.,GT:PS,0/0:.,
DYPD,1,,,,NC_000001.10:97915613:C:T,chr1,97450058,rs3918290,C,T,.,.,GT:PS,0/0:.,NC_000001.11:97450057:C:T
DYPD,1,,,,,chr1,97450059,rs3918289,G,.,.,.,GT:PS,0/0:.,
DYPD,1,,,,NC_000001.10:97915621:GG:G,chr1,97450065,rs72549303,TG,T,.,.,GT:PS,0/0:.,NC_000001.11:97450065:GG:G
DYPD,1,,,,,chr1,97450068,rs17376848,A,.,.,.,GT:PS,0/0:.,
DYPD,1,,,,,chr1,97450168,rs147601618,A,.,.,.,GT:PS,0/0:.,
DYPD,1,,,,,chr1,97450187,rs145773863,C,.,.,.,GT:PS,0/0:.,
DYPD,1,,,,,chr1,97450189,rs138616379,C,.,.,.,GT:PS,0/0:.,
DYPD,1,,,,,chr1,97450190,rs59086055,G,.,.,.,GT:PS,0/0:.,
DYPD,1,,,,,chr1,97515686,rs2811178,T,.,.,.,GT:PS,0/0:.,
DYPD,1,,,,,chr1,97515687,rs2786783,G,.,.,.,GT:PS,0/0:.,
DYPD,1,,,,,chr1,97515784,rs201615754,C,.,.,.,GT:PS,0/0:.,
DYPD,1,,,,NC_000001.10:97981342:A:C,chr1,97515787,rs55886062,A,C,.,.,GT:PS,0/0:.,NC_000001.11:97515786:A:C
DYPD,1,,,,,chr1,97515839,rs1801159,T,.,.,.,GT:PS,0/0:.,
DYPD,1,,,,,chr1,97515851,rs142619737,C,.,.,.,GT:PS,0/0:.,
DYPD,1,,,,,chr1,97515865,rs1801158,C,.,.,.,GT:PS,0/0:.,
DYPD,1,,,,,chr1,97515889,rs190951787,G,.,.,.,GT:PS,0/0:.,
DYPD,1,,,,,chr1,97515923,rs148994843,C,.,.,.,GT:PS,0/0:.,
DYPD,1,,,,,chr1,97549565,rs138391898,C,.,.,.,GT:PS,0/0:.,
DYPD,1,,,,,chr1,97549600,rs111858276,T,.,.,.,GT:PS,0/0:.,
DYPD,1,,,,,chr1,97549609,rs72549304,G,.,.,.,GT:PS,0/0:.,
DYPD,1,,,,,chr1,97549681,rs199549923,G,.,.,.,GT:PS,0/0:.,
DYPD,1,,,,,chr1,97549713,rs57918000,G,.,.,.,GT:PS,0/0:.,
DYPD,1,,,,,chr1,97549726,rs144395748,G,.,.,.,GT:PS,0/0:.,
DYPD,1,,,,,chr1,97549735,rs72975710,G,.,.,.,GT:PS,0/0:.,
DYPD,1,,,,,chr1,97549850,rs61789183,A,.,.,.,GT:PS,0/0:.,
DYPD,1,,,,,chr1,97573785,rs186169810,A,.,.,.,GT:PS,0/0:.,
DYPD,1,,,,,chr1,97573805,rs142512579,C,.,.,.,GT:PS,0/0:.,
DYPD,1,,,,,chr1,97573821,rs764666241,C,.,.,.,GT:PS,0/0:.,
DYPD,1,,,,,chr1,97573839,rs200064537,A,.,.,.,GT:PS,0/0:.,
DYPD,1,,,,,chr1,97573881,rs61622928,C,.,.,.,GT:PS,0/0:.,
DYPD,1,,,,,chr1,97573918,rs143815742,C,.,.,.,GT:PS,0/0:.,
DYPD,1,,,,,chr1,97573919,rs140602333,G,.,.,.,GT:PS,0/0:.,
DYPD,1,,,,NC_000001.10:98039498:C:A,chr1,97573943,rs78060119,C,A,.,.,GT:PS,0/0:.,NC_000001.11:97573942:C:A
DYPD,1,,,,,chr1,97573985,rs56293913,A,.,.,.,GT:PS,0/0:.,
DYPD,1,,,,,chr1,97573998,rs368600943,C,.,.,.,GT:PS,0/0:.,
DYPD,1,,,,NC_000001.10:98045448:G:C,chr1,97579893,rs75017182,G,C,.,.,GT:PS,0/0:.,NC_000001.11:97579892:G:C
DYPD,1,,,,,chr1,97593238,rs72549305,T,.,.,.,GT:PS,0/0:.,
DYPD,1,,,,,chr1,97593289,rs143154602,G,.,.,.,GT:PS,0/0:.,
DYPD,1,,,,,chr1,97593322,rs183385770,C,.,.,.,GT:PS,0/0:.,
DYPD,1,,,,,chr1,97593343,rs72549306,C,.,.,.,GT:PS,0/0:.,
DYPD,1,,,,,chr1,97593379,rs201018345,C,.,.,.,GT:PS,0/0:.,
DYPD,1,,,,,chr1,97594925,rs2811202,A,.,.,.,GT:PS,0/0:.,
DYPD,1,,,,,chr1,97595083,rs145112791,G,.,.,.,GT:PS,0/0:.,
DYPD,1,,,,,chr1,97595088,rs150437414,A,.,.,.,GT:PS,0/0:.,
DYPD,1,,,,,chr1,97595149,rs146356975,T,.,.,.,GT:PS,0/0:.,
DYPD,1,,,,,chr1,97679004,rs138924556,G,.,.,.,GT:PS,0/0:.,
DYPD,1,,,,,chr1,97679054,rs112550271,A,.,.,.,GT:PS,0/0:.,
DYPD,1,,,,,chr1,97679170,rs45589337,T,.,.,.,GT:PS,0/0:.,
DYPD,1,,,,,chr1,97679300,rs3790387,T,.,.,.,GT:PS,0/0:.,
DYPD,1,,,,NC_000001.10:98157331:G:A,chr1,97691776,rs1801266,G,A,.,.,GT:PS,0/0:.,NC_000001.11:97691775:G:A
DYPD,1,,,,,chr1,97691806,rs74774246,G,.,.,.,GT:PS,0/0:.,
DYPD,1,,,,,chr1,97699212,rs6668296,C,.,.,.,GT:PS,0/0:.,
DYPD,1,,,,,chr1,97699399,rs72549307,T,.,.,.,GT:PS,0/0:.,
DYPD,1,,,,,chr1,97699430,rs72549308,T,.,.,.,GT:PS,0/0:.,
DYPD,1,,,,NC_000001.10:98165029:T:C,chr1,97699474,rs115232898,T,C,.,.,GT:PS,0/0:.,NC_000001.11:97699473:T:C
DYPD,1,,,,,chr1,97699506,rs6670886,C,.,.,.,GT:PS,0/0:.,
DYPD,1,,,,,chr1,97699533,rs139834141,C,.,.,.,GT:PS,0/0:.,
DYPD,1,,,,,chr1,97699535,rs2297595,T,.,.,.,GT:PS,0/0:.,
DYPD,1,,,,,chr1,97721542,rs200562975,T,.,.,.,GT:PS,0/0:.,
DYPD,1,,,,,chr1,97721650,rs141462178,T,.,.,.,GT:PS,0/0:.,
DYPD,1,,,,,chr1,97740400,rs150385342,C,.,.,.,GT:PS,0/0:.,
DYPD,1,,,,NC_000001.10:98205966:ATGAATGA:ATGA,chr1,97740414,rs72549309,AAGTA,A,.,.,GT:PS,0/0:.,NC_000001.11:97740410:ATGAATGA:ATGA
DYPD,1,,,,,chr1,97740602,rs41309171,C,.,.,.,GT:PS,0/0:.,
DYPD,1,,,,,chr1,97828265,rs115632870,C,.,.,.,GT:PS,0/0:.,
DYPD,1,,,,,chr1,97883329,rs1801265,A,.,.,.,GT:PS,0/0:.,
DYPD,1,,,,,chr1,97883352,rs80081766,C,.,.,.,GT:PS,0/0:.,
DYPD,1,,,,,chr1,97883353,rs72549310,G,.,.,.,GT:PS,0/0:.,
DYPD,1,,,,,chr1,97883368,rs150036960,G,.,.,.,GT:PS,0/0:.,
UGT1A1,2,,,,NC_000002.11:234665658:T:G,chr2,233757013,rs4124874,T,G,.,.,GT:PS,0/0:.,NC_000002.12:233757012:T:G
UGT1A1,2,,,,NC_000002.11:234668569:C:T,chr2,233759924,rs887829,C,T,.,.,GT:PS,0/0:.,NC_000002.12:233759923:C:T
UGT1A1,2,,,,NC_000002.11:234668879:ATATATATATATATA:ATATATATATATA,chr2,233760233,.,CAT,C,.,.,GT:PS,0/0:.,NC_000002.12:233760233:ATATATATATATATA:ATATATATATATA
UGT1A1,2,,,,NC_000002.11:234668879:ATATATATATATATA:ATATATATATATATATA,chr2,233760233,.,CAT,CATAT,.,.,GT:PS,0/0:.,NC_000002.12:233760233:ATATATATATATATA:ATATATATATATATATA
UGT1A1,2,,,,NC_000002.11:234668879:ATATATATATATATA:ATATATATATATATATATA,chr2,233760233,.,CAT,CATATAT,.,.,GT:PS,0/0:.,NC_000002.12:233760233:ATATATATATATATA:ATATATATATATATATATA
UGT1A1,2,,,,NC_000002.11:234669143:G:A,chr2,233760498,rs4148323,G,A,.,.,GT:PS,0/0:.,NC_000002.12:233760497:G:A
UGT1A1,2,,,,NC_000002.11:234669618:C:A,chr2,233760973,rs35350960,C,A,.,.,GT:PS,0/0:.,NC_000002.12:233760972:C:A
TPMT,6,,,,NC_000006.11:18130917:T:C,chr6,18130687,rs1142345,T,C,.,.,GT:PS,0/0:.,NC_000006.12:18130686:T:C
TPMT,6,,,,NC_000006.11:18130924:T:C,chr6,18130694,rs150900439,T,C,.,.,GT:PS,0/0:.,NC_000006.12:18130693:T:C
TPMT,6,,,,NC_000006.11:18130955:A:C,chr6,18130725,rs72552736,A,C,.,.,GT:PS,0/0:.,NC_000006.12:18130724:A:C
TPMT,6,,,,NC_000006.11:18130992:C:T,chr6,18130762,rs56161402,C,T,.,.,GT:PS,0/0:.,NC_000006.12:18130761:C:T
TPMT,6,,,,NC_000006.11:18131002:A:G,chr6,18130772,rs377085266,A,G,.,.,GT:PS,0/0:.,NC_000006.12:18130771:A:G
TPMT,6,,,,NC_000006.11:18131011:C:T,chr6,18130781,rs1800584,C,T,.,.,GT:PS,0/0:.,NC_000006.12:18130780:C:T
TPMT,6,,,,NC_000006.11:18132366:A:G,chr6,18132136,rs72556347,A,G,.,.,GT:PS,0/0:.,NC_000006.12:18132135:A:G
TPMT,6,,,,NC_000006.11:18132377:A:G,chr6,18132147,rs79901429,A,G,.,.,GT:PS,0/0:.,NC_000006.12:18132146:A:G
TPMT,6,,,,NC_000006.11:18134075:T:A,chr6,18133845,rs75543815,T,A,.,.,GT:PS,0/0:.,NC_000006.12:18133844:T:A
TPMT,6,,,,NC_000006.11:18134077:C:A,chr6,18133847,rs6921269,C,A,.,.,GT:PS,0/0:.,NC_000006.12:18133846:C:A
TPMT,6,,,,NC_000006.11:18134114:G:C,chr6,18133884,rs74423290,G,C,.,.,GT:PS,0/0:.,NC_000006.12:18133883:G:C
TPMT,6,,,,NC_000006.11:18134120:C:T,chr6,18133890,rs9333570,C,T,.,.,GT:PS,0/0:.,NC_000006.12:18133889:C:T
TPMT,6,,,,NC_000006.11:18139199:C:G,chr6,18138969,rs144041067,C,G,.,.,GT:PS,0/0:.,NC_000006.12:18138968:C:G
TPMT,6,,,,NC_000006.11:18139199:C:T,chr6,18138969,rs144041067,C,T,.,.,GT:PS,0/0:.,NC_000006.12:18138968:C:T
TPMT,6,,,,,chr6,18138983,rs2842934,G,.,.,.,GT:PS,0/0:.,
TPMT,6,,,,NC_000006.11:18139227:C:T,chr6,18138997,rs1800460,C,T,.,.,GT:PS,0/0:.,NC_000006.12:18138996:C:T
TPMT,6,,,,NC_000006.11:18139257:C:G,chr6,18139027,rs72552737,C,G,.,.,GT:PS,0/0:.,NC_000006.12:18139026:C:G
TPMT,6,,,,NC_000006.11:18139919:C:T,chr6,18139689,rs72552738,C,T,.,.,GT:PS,0/0:.,NC_000006.12:18139688:C:T
TPMT,6,,,,NC_000006.11:18139940:G:A,chr6,18139710,rs200220210,G,A,.,.,GT:PS,0/0:.,NC_000006.12:18139709:G:A
TPMT,6,,,,NC_000006.11:18143827:T:G,chr6,18143597,.,T,G,.,.,GT:PS,0/0:.,NC_000006.12:18143596:T:G
TPMT,6,,,,NC_000006.11:18143836:T:G,chr6,18143606,rs151149760,T,G,.,.,GT:PS,0/0:.,NC_000006.12:18143605:T:G
TPMT,6,,,,NC_000006.11:18143843:C:G,chr6,18143613,.,C,G,.,.,GT:PS,0/0:.,NC_000006.12:18143612:C:G
TPMT,6,,,,NC_000006.11:18143873:A:C,chr6,18143643,.,A,C,.,.,GT:PS,0/0:.,NC_000006.12:18143642:A:C
TPMT,6,,,,NC_000006.11:18143954:C:G,chr6,18143724,rs1800462,C,G,.,.,GT:PS,0/0:.,NC_000006.12:18143723:C:G
TPMT,6,,,,NC_000006.11:18148075:C:T,chr6,18147845,.,C,T,.,.,GT:PS,0/0:.,NC_000006.12:18147844:C:T
TPMT,6,,,,NC_000006.11:18148081:G:C,chr6,18147851,rs200591577,G,C,.,.,GT:PS,0/0:.,NC_000006.12:18147850:G:C
TPMT,6,,,,NC_000006.11:18148140:A:G,chr6,18147910,rs72552740,A,G,.,.,GT:PS,0/0:.,NC_000006.12:18147909:A:G
TPMT,6,,,,NC_000006.11:18149234:G:C,chr6,18149004,.,G,C,.,.,GT:PS,0/0:.,NC_000006.12:18149003:G:C
TPMT,6,,,,NC_000006.11:18149252:C:T,chr6,18149022,.,C,T,.,.,GT:PS,0/0:.,NC_000006.12:18149021:C:T
TPMT,6,,,,NC_000006.11:18149275:T:A,chr6,18149045,rs72552742,T,A,.,.,GT:PS,0/0:.,NC_000006.12:18149044:T:A
TPMT,6,,,,NC_000006.11:18149356:A:G,chr6,18149126,rs267607275,A,G,.,.,GT:PS,0/0:.,NC_000006.12:18149125:A:G
TPMT,6,,,,NC_000006.11:18149357:T:C,chr6,18149127,rs9333569,T,C,.,.,GT:PS,0/0:.,NC_000006.12:18149126:T:C
CYP3A5,7,,,,NC_000006.11:100100488:A:T,chr7,99652613,rs28365083,G,T,.,.,GT:PS,0/0:.,NC_000006.12:99652612:A:T
CYP3A5,7,,,,NC_000006.11:100100646::A,chr7,99652770,rs41303343,T,TA,.,.,GT:PS,0/0:.,NC_000006.12:99652770::A
CYP3A5,7,,,,NC_000006.11:100108391:C:T,chr7,99660516,rs28383479,C,T,.,.,GT:PS,0/0:.,NC_000006.12:99660515:C:T
CYP3A5,7,,,,NC_000006.11:100113087:A:T,chr7,99665212,rs10264272,C,T,.,.,GT:PS,0/0:.,NC_000006.12:99665211:A:T
CYP3A5,7,,,,NC_000006.11:100113112:C:C,chr7,99665237,rs56411402,T,C,.,.,GT:PS,0/0:.,NC_000006.12:99665236:C:C
CYP3A5,7,,,,NC_000006.11:100114825:A:G,chr7,99666950,rs55965422,A,G,.,.,GT:PS,0/0:.,NC_000006.12:99666949:A:G
CYP3A5,7,,,,NC_000006.11:100120791:T:C,chr7,99672916,rs776746,T,C,.,.,GT:PS,0/0:.,NC_000006.12:99672915:T:C
CYP3A5,7,,,,NC_000006.11:100124073:G:A,chr7,99676198,rs55817950,G,A,.,.,GT:PS,0/0:.,NC_000006.12:99676197:G:A
CFTR,7,,,,NC_000007.13:117149088:G:A,chr7,117509035,rs397508256,G,A,.,.,GT:PS,0/0:.,NC_000007.14:117509034:G:A
CFTR,7,,,,NC_000007.13:117149122:C:T,chr7,117509069,rs368505753,C,T,.,.,GT:PS,0/0:.,NC_000007.14:117509068:C:T
CFTR,7,,,,NC_000007.13:117149142:C:T,chr7,117509089,rs115545701,C,T,.,.,GT:PS,0/0:.,NC_000007.14:117509088:C:T
CFTR,7,,,,NC_000007.13:117149176:G:A,chr7,117509123,rs75961395,G,A,.,.,GT:PS,0/0:.,NC_000007.14:117509122:G:A
CFTR,7,,,,NC_000007.13:117171006:G:C,chr7,117530953,rs113993958,G,C,.,.,GT:PS,0/0:.,NC_000007.14:117530952:G:C
CFTR,7,,,,NC_000007.13:117171008:C:A,chr7,117530955,rs397508537,C,A,.,.,GT:PS,0/0:.,NC_000007.14:117530954:C:A
CFTR,7,,,,NC_000007.13:117171027:C:T,chr7,117530974,rs77834169,C,T,.,.,GT:PS,0/0:.,NC_000007.14:117530973:C:T
CFTR,7,,,,NC_000007.13:117171028:G:A,chr7,117530975,rs78655421,G,A,.,.,GT:PS,0/0:.,NC_000007.14:117530974:G:A
CFTR,7,,,,NC_000007.13:117171168:G:T,chr7,117531115,rs78756941,G,T,.,.,GT:PS,0/0:.,NC_000007.14:117531114:G:T
CFTR,7,,,,NC_000007.13:117174371:G:A,chr7,117534318,rs80282562,G,A,.,.,GT:PS,0/0:.,NC_000007.14:117534317:G:A
CFTR,7,,,,NC_000007.13:117174416:G:A,chr7,117534363,rs397508759,G,A,.,.,GT:PS,0/0:.,NC_000007.14:117534362:G:A
CFTR,7,,,,NC_000007.13:117174419:G:T,chr7,117534366,rs77188391,G,T,.,.,GT:PS,0/0:.,NC_000007.14:117534365:G:T
CFTR,7,,,,NC_000007.13:117175338:T:G,chr7,117535285,rs121908752,T,G,.,.,GT:PS,0/0:.,NC_000007.14:117535284:T:G
CFTR,7,,,,NC_000007.13:117180283:C:T,chr7,117540230,rs121909011,C,T,.,.,GT:PS,0/0:.,NC_000007.14:117540229:C:T
CFTR,7,,,,NC_000007.13:117180323:G:A,chr7,117540270,rs77932196,G,A,.,.,GT:PS,0/0:.,NC_000007.14:117540269:G:A
CFTR,7,,,,NC_000007.13:117180323:G:C,chr7,117540270,rs77932196,G,C,.,.,GT:PS,0/0:.,NC_000007.14:117540269:G:C
CFTR,7,,,,NC_000007.13:117180338:G:A,chr7,117540285,rs121908753,G,A,.,.,GT:PS,0/0:.,NC_000007.14:117540284:G:A
CFTR,7,,,,NC_000007.13:117188848:C:A,chr7,117548795,rs74551128,C,A,.,.,GT:PS,0/0:.,NC_000007.14:117548794:C:A
CFTR,7,,,,NC_000007.13:117199640:ATCATC:ATC,chr7,117559589,rs121908745,CATC,C,.,.,GT:PS,0/0:.,NC_000007.14:117559586:ATCATC:ATC
CFTR,7,,,,NC_000007.13:117199644:TCTT:T,chr7,117559590,rs199826652,ATCT,A,.,.,GT:PS,0/0:.,NC_000007.14:117559590:TCTT:T
CFTR,7,,,,NC_000007.13:117199644:TCTT:T,chr7,117559591,rs113993960,TCTT,T,.,.,GT:PS,0/0:.,NC_000007.14:117559590:TCTT:T
CFTR,7,,,,NC_000007.13:117227791:G:A,chr7,117587738,rs76713772,G,A,.,.,GT:PS,0/0:.,NC_000007.14:117587737:G:A
CFTR,7,,,,NC_000007.13:117227831:G:T,chr7,117587778,rs113993959,G,T,.,.,GT:PS,0/0:.,NC_000007.14:117587777:G:T
CFTR,7,,,,NC_000007.13:117227852:A:C,chr7,117587799,rs121908757,A,C,.,.,GT:PS,0/0:.,NC_000007.14:117587798:A:C
CFTR,7,,,,NC_000007.13:117227853:G:A,chr7,117587800,rs121908755,G,A,.,.,GT:PS,0/0:.,NC_000007.14:117587799:G:A
CFTR,7,,,,NC_000007.13:117227854:T:G,chr7,117587801,rs121909005,T,G,.,.,GT:PS,0/0:.,NC_000007.14:117587800:T:G
CFTR,7,,,,NC_000007.13:117227858:G:A,chr7,117587805,rs121909013,G,A,.,.,GT:PS,0/0:.,NC_000007.14:117587804:G:A
CFTR,7,,,,NC_000007.13:117227859:G:A,chr7,117587806,rs75527207,G,A,.,.,GT:PS,0/0:.,NC_000007.14:117587805:G:A
CFTR,7,,,,NC_000007.13:117227864:C:T,chr7,117587811,rs74597325,C,T,.,.,GT:PS,0/0:.,NC_000007.14:117587810:C:T
CFTR,7,,,,NC_000007.13:117227886:G:C,chr7,117587833,rs80055610,G,C,.,.,GT:PS,0/0:.,NC_000007.14:117587832:G:C
CFTR,7,,,,NC_000007.13:117230462:A:G,chr7,117590409,rs397508288,A,G,.,.,GT:PS,0/0:.,NC_000007.14:117590408:A:G
CFTR,7,,,,NC_000007.13:117230493:G:A,chr7,117590440,rs121908748,G,A,.,.,GT:PS,0/0:.,NC_000007.14:117590439:G:A
CFTR,7,,,,NC_000007.13:117232266:AAAAAAA:AAAAAA,chr7,117592218,rs121908746,AA,A,.,.,GT:PS,0/0:.,NC_000007.14:117592212:AAAAAAA:AAAAAA
CFTR,7,,,,NC_000007.13:117242921:G:A,chr7,117602868,rs80224560,G,A,.,.,GT:PS,0/0:.,NC_000007.14:117602867:G:A
CFTR,7,,,,NC_000007.13:117243761:C:T,chr7,117603708,rs397508442,C,T,.,.,GT:PS,0/0:.,NC_000007.14:117603707:C:T
CFTR,7,,,,NC_000007.13:117246748:C:T,chr7,117606695,rs141033578,C,T,.,.,GT:PS,0/0:.,NC_000007.14:117606694:C:T
CFTR,7,,,,NC_000007.13:117246807:G:A,chr7,117606754,rs75096551,G,A,.,.,GT:PS,0/0:.,NC_000007.14:117606753:G:A
CFTR,7,,,,NC_000007.13:117251648:T:G,chr7,117611595,rs150212784,T,G,.,.,GT:PS,0/0:.,NC_000007.14:117611594:T:G
CFTR,7,,,,NC_000007.13:117251673:A:C,chr7,117611620,rs397508513,A,C,.,.,GT:PS,0/0:.,NC_000007.14:117611619:A:C
CFTR,7,,,,NC_000007.13:117251693:G:A,chr7,117611640,rs121909020,G,A,.,.,GT:PS,0/0:.,NC_000007.14:117611639:G:A
CFTR,7,,,,NC_000007.13:117251699:G:A,chr7,117611646,rs200321110,G,A,.,.,GT:PS,0/0:.,NC_000007.14:117611645:G:A
CFTR,7,,,,NC_000007.13:117251702:C:T,chr7,117611649,rs202179988,C,T,.,.,GT:PS,0/0:.,NC_000007.14:117611648:C:T
CFTR,7,,,,NC_000007.13:117251703:G:A,chr7,117611650,rs78769542,G,A,.,.,GT:PS,0/0:.,NC_000007.14:117611649:G:A
CFTR,7,,,,NC_000007.13:117251716:T:A,chr7,117611663,rs186045772,T,A,.,.,GT:PS,0/0:.,NC_000007.14:117611662:T:A
CFTR,7,,,,NC_000007.13:117254752:G:C,chr7,117614699,rs75541969,G,C,.,.,GT:PS,0/0:.,NC_000007.14:117614698:G:C
CFTR,7,,,,NC_000007.13:117267590:C:T,chr7,117627537,rs74767530,C,T,.,.,GT:PS,0/0:.,NC_000007.14:117627536:C:T
CFTR,7,,,,NC_000007.13:117267633:CC:C,chr7,117627580,rs121908747,CC,C,.,.,GT:PS,0/0:.,NC_000007.14:117627579:CC:C
CFTR,7,,,,NC_000007.13:117280014:C:T,chr7,117639961,rs75039782,C,T,.,.,GT:PS,0/0:.,NC_000007.14:117639960:C:T
CFTR,7,,,,NC_000007.13:117282504:G:A,chr7,117642451,rs267606723,G,A,.,.,GT:PS,0/0:.,NC_000007.14:117642450:G:A
CFTR,7,,,,NC_000007.13:117282525:G:A,chr7,117642472,rs74503330,G,A,.,.,GT:PS,0/0:.,NC_000007.14:117642471:G:A
CFTR,7,,,,NC_000007.13:117282536:T:C,chr7,117642483,rs121909041,T,C,.,.,GT:PS,0/0:.,NC_000007.14:117642482:T:C
CFTR,7,,,,NC_000007.13:117282581:G:A,chr7,117642528,rs11971167,G,A,.,.,GT:PS,0/0:.,NC_000007.14:117642527:G:A
CFTR,7,,,,NC_000007.13:117282619:G:A,chr7,117642566,rs77010898,G,A,.,.,GT:PS,0/0:.,NC_000007.14:117642565:G:A
CFTR,7,,,,NC_000007.13:117292930:C:G,chr7,117652877,rs80034486,C,G,.,.,GT:PS,0/0:.,NC_000007.14:117652876:C:G
CFTR,7,,,,NC_000007.13:117304823:G:A,chr7,117664770,rs193922525,G,A,.,.,GT:PS,0/0:.,NC_000007.14:117664769:G:A
CYP2C19,10,96521657,C,T,NC_000010.10:96521656:C:T,chr10,94761900,rs12248560,C,T,.,.,GT:PS,0/0:.,NC_000010.11:94761899:C:T
CYP2C19,10,96522463,A,G,NC_000010.10:96522462:A:G,chr10,94762706,rs28399504,A,G,.,.,GT:PS,0/0:.,NC_000010.11:94762705:A:G
CYP2C19,10,96522469,C,T,NC_000010.10:96522468:C:T,chr10,94762712,rs367543002,C,T,.,.,GT:PS,0/0:.,NC_000010.11:94762711:C:T
CYP2C19,10,96522472,T,C,NC_000010.10:96522471:T:C,chr10,94762715,rs367543003,T,C,.,.,GT:PS,0/0:.,NC_000010.11:94762714:T:C
CYP2C19,10,96522512,T,C,NC_000010.10:96522511:T:C,chr10,94762755,rs55752064,T,C,.,.,GT:PS,0/0:.,NC_000010.11:94762754:T:C
CYP2C19,10,96522517,A,C,NC_000010.10:96522516:A:C,chr10,94762760,rs17882687,A,C,.,.,GT:PS,0/0:.,NC_000010.11:94762759:A:C
CYP2C19,10,96522545,A,T,NC_000010.10:96522544:A:T,chr10,94762788,rs1564656981,A,T,.,.,GT:PS,0/0:.,NC_000010.11:94762787:A:T
CYP2C19,10,96522613,A,G,NC_000010.10:96522612:A:G,chr10,94762856,rs1564657013,A,G,.,.,GT:PS,0/0:.,NC_000010.11:94762855:A:G
CYP2C19,10,96534863,C,T,NC_000010.10:96534862:C:T,chr10,94775106,rs145328984,C,T,.,.,GT:PS,0/0:.,NC_000010.11:94775105:C:T
CYP2C19,10,96534878,C,T,NC_000010.10:96534877:C:T,chr10,94775121,rs1564660997,C,T,.,.,GT:PS,0/0:.,NC_000010.11:94775120:C:T
CYP2C19,10,96534917,G,C,NC_000010.10:96534916:G:C,chr10,94775160,rs118203756,G,C,.,.,GT:PS,0/0:.,NC_000010.11:94775159:G:C
CYP2C19,10,96534942,A,G,NC_000010.10:96534941:A:G,chr10,94775185,rs1288601658,A,G,.,.,GT:PS,0/0:.,NC_000010.11:94775184:A:G
CYP2C19,10,96535124,A,G,NC_000010.10:96535123:A:G,chr10,94775367,rs12769205,A,G,.,.,GT:PS,0/0:.,NC_000010.11:94775366:A:G
CYP2C19,10,96535173,T,C,NC_000010.10:96535172:T:C,chr10,94775416,rs41291556,T,C,.,.,GT:PS,0/0:.,NC_000010.11:94775415:T:C
CYP2C19,10,96535210,G,A,NC_000010.10:96535209:G:A,chr10,94775453,rs72552267,G,A,.,.,GT:PS,0/0:.,NC_000010.11:94775452:G:A
CYP2C19,10,96535246,G,A,NC_000010.10:96535245:G:A,chr10,94775489,rs17884712,G,A,.,.,GT:PS,0/0:.,NC_000010.11:94775488:G:A
CYP2C19,10,96535264,G,A,NC_000010.10:96535263:G:A,chr10,94775507,rs58973490,G,A,.,.,GT:PS,0/0:.,NC_000010.11:94775506:G:A
CYP2C19,10,96540331,G,C,NC_000010.10:96540330:G:C,chr10,94780574,rs140278421,G,C,.,.,GT:PS,0/0:.,NC_000010.11:94780573:G:C
CYP2C19,10,96540336,G,A,NC_000010.10:96540335:G:A,chr10,94780579,rs370803989,G,A,.,.,GT:PS,0/0:.,NC_000010.11:94780578:G:A
CYP2C19,10,96540410,G,A,NC_000010.10:96540409:G:A,chr10,94780653,rs4986893,G,A,.,.,GT:PS,0/0:.,NC_000010.11:94780652:G:A
CYP2C19,10,96541615,C,T,NC_000010.10:96541614:C:T,chr10,94781858,rs6413438,C,T,.,.,GT:PS,0/0:.,NC_000010.11:94781857:C:T
CYP2C19,10,96541616,G,A,NC_000010.10:96541615:G:A,chr10,94781859,rs4244285,G,A,.,.,GT:PS,0/0:.,NC_000010.11:94781858:G:A
CYP2C19,10,96541701,G,A,NC_000010.10:96541700:G:A,chr10,94781944,rs375781227,G,A,.,.,GT:PS,0/0:.,NC_000010.11:94781943:G:A
CYP2C19,10,96541756,T,A,NC_000010.10:96541755:T:A,chr10,94781999,rs72558186,T,A,.,.,GT:PS,0/0:.,NC_000010.11:94781998:T:A
CYP2C19,10,96602618,G,A,NC_000010.10:96602617:G:A,chr10,94842861,rs138142612,G,A,.,.,GT:PS,0/0:.,NC_000010.11:94842860:G:A
CYP2C19,10,96602636,G,A,NC_000010.10:96602635:G:A,chr10,94842879,rs118203757,G,A,.,.,GT:PS,0/0:.,NC_000010.11:94842878:G:A
CYP2C19,10,96602752,G,A,NC_000010.10:96602751:G:A,chr10,94842995,rs113934938,G,A,.,.,GT:PS,0/0:.,NC_000010.11:94842994:G:A
CYP2C19,10,96609752,C,T,NC_000010.10:96609751:C:T,chr10,94849995,rs17879685,C,T,.,.,GT:PS,0/0:.,NC_000010.11:94849994:C:T
CYP2C19,10,96612495,C,T,NC_000010.10:96612494:C:T,chr10,94852738,rs56337013,C,T,.,.,GT:PS,0/0:.,NC_000010.11:94852737:C:T
CYP2C19,10,96612522,C,T,NC_000010.10:96612521:C:T,chr10,94852765,rs192154563,C,T,.,.,GT:PS,0/0:.,NC_000010.11:94852764:C:T
CYP2C19,10,96612542,C,G,NC_000010.10:96612541:C:G,chr10,94852785,rs118203759,C,G,.,.,GT:PS,0/0:.,NC_000010.11:94852784:C:G
CYP2C19,10,96612671,A,C,NC_000010.10:96612670:A:C,chr10,94852914,rs55640102,A,C,.,.,GT:PS,0/0:.,NC_000010.11:94852913:A:C
CYP2C9,10,,,,NC_000010.10:96698439:A:G,chr10,94938683,rs114071557,A,G,.,.,GT:PS,0/0:.,NC_000010.11:94938682:A:G
CYP2C9,10,,,,NC_000010.10:96698493:C:A,chr10,94938737,rs67807361,C,A,.,.,GT:PS,0/0:.,NC_000010.11:94938736:C:A
CYP2C9,10,,,,NC_000010.10:96698527:C:T,chr10,94938771,rs142240658,C,T,.,.,GT:PS,0/0:.,NC_000010.11:94938770:C:T
CYP2C9,10,,,,NC_000010.10:96698559:A:G,chr10,94938803,.,A,G,.,.,GT:PS,0/0:.,NC_000010.11:94938802:A:G
CYP2C9,10,,,,NC_000010.10:96698584:A:G,chr10,94938828,rs564813580,A,G,.,.,GT:PS,0/0:.,NC_000010.11:94938827:A:G
CYP2C9,10,,,,NC_000010.10:96701653:G:C,chr10,94941897,rs371055887,G,C,.,.,GT:PS,0/0:.,NC_000010.11:94941896:G:C
CYP2C9,10,,,,NC_000010.10:96701671:G:A,chr10,94941915,.,G,A,.,.,GT:PS,0/0:.,NC_000010.11:94941914:G:A
CYP2C9,10,,,,NC_000010.10:96701714:T:C,chr10,94941958,rs72558187,T,C,.,.,GT:PS,0/0:.,NC_000010.11:94941957:T:C
CYP2C9,10,,,,NC_000010.10:96701732:G:C,chr10,94941976,.,G,C,.,.,GT:PS,0/0:.,NC_000010.11:94941975:G:C
CYP2C9,10,,,,NC_000010.10:96701738:G:T,chr10,94941982,rs762239445,G,T,.,.,GT:PS,0/0:.,NC_000010.11:94941981:G:T
CYP2C9,10,,,,NC_000010.10:96701774:T:C,chr10,94942018,.,T,C,.,.,GT:PS,0/0:.,NC_000010.11:94942017:T:C
CYP2C9,10,,,,NC_000010.10:96701962:AATGGAAAGAAATGGAA:AATGGAA,chr10,94942212,.,AAGAAATGGAA,A,.,.,GT:PS,0/0:.,NC_000010.11:94942205:AATGGAAAGAAATGGAA:AATGGAA
CYP2C9,10,,,,NC_000010.10:96701972:A:G,chr10,94942216,.,A,G,.,.,GT:PS,0/0:.,NC_000010.11:94942215:A:G
CYP2C9,10,,,,NC_000010.10:96701986:C:T,chr10,94942230,rs767576260,C,T,.,.,GT:PS,0/0:.,NC_000010.11:94942229:C:T
CYP2C9,10,,,,NC_000010.10:96701987:G:A,chr10,94942231,rs12414460,G,A,.,.,GT:PS,0/0:.,NC_000010.11:94942230:G:A
CYP2C9,10,,,,NC_000010.10:96701990:G:A,chr10,94942234,rs72558189,G,A,.,.,GT:PS,0/0:.,NC_000010.11:94942233:G:A
CYP2C9,10,,,,NC_000010.10:96701990:G:T,chr10,94942234,rs72558189,G,T,.,.,GT:PS,0/0:.,NC_000010.11:94942233:G:T
CYP2C9,10,,,,NC_000010.10:96702005:C:G,chr10,94942249,rs200965026,C,G,.,.,GT:PS,0/0:.,NC_000010.11:94942248:C:G
CYP2C9,10,,,,NC_000010.10:96702005:C:T,chr10,94942249,rs200965026,C,T,.,.,GT:PS,0/0:.,NC_000010.11:94942248:C:T
CYP2C9,10,,,,NC_000010.10:96702010:C:T,chr10,94942254,rs199523631,C,T,.,.,GT:PS,0/0:.,NC_000010.11:94942253:C:T
CYP2C9,10,,,,NC_000010.10:96702011:G:A,chr10,94942255,rs200183364,G,A,.,.,GT:PS,0/0:.,NC_000010.11:94942254:G:A
CYP2C9,10,,,,NC_000010.10:96702046:C:T,chr10,94942290,rs1799853,C,T,.,.,GT:PS,0/0:.,NC_000010.11:94942289:C:T
CYP2C9,10,,,,NC_000010.10:96702061:G:A,chr10,94942305,rs754487195,G,A,.,.,GT:PS,0/0:.,NC_000010.11:94942304:G:A
CYP2C9,10,,,,NC_000010.10:96702065:G:A,chr10,94942309,rs7900194,G,A,.,.,GT:PS,0/0:.,NC_000010.11:94942308:G:A
CYP2C9,10,,,,NC_000010.10:96702065:G:T,chr10,94942309,rs7900194,G,T,.,.,GT:PS,0/0:.,NC_000010.11:94942308:G:T
CYP2C9,10,,,,NC_000010.10:96707538:C:A,chr10,94947782,rs72558190,C,A,.,.,GT:PS,0/0:.,NC_000010.11:94947781:C:A
CYP2C9,10,,,,NC_000010.10:96707541:C:T,chr10,94947785,rs774550549,C,T,.,.,GT:PS,0/0:.,NC_000010.11:94947784:C:T
CYP2C9,10,,,,NC_000010.10:96707663:A:C,chr10,94947907,.,A,C,.,.,GT:PS,0/0:.,NC_000010.11:94947906:A:C
CYP2C9,10,,,,NC_000010.10:96707673:T:C,chr10,94947917,.,T,C,.,.,GT:PS,0/0:.,NC_000010.11:94947916:T:C
CYP2C9,10,,,,NC_000010.10:96707694:A:T,chr10,94947938,.,A,T,.,.,GT:PS,0/0:.,NC_000010.11:94947937:A:T
CYP2C9,10,,,,NC_000010.10:96708885:A:G,chr10,94949129,.,A,G,.,.,GT:PS,0/0:.,NC_000010.11:94949128:A:G
CYP2C9,10,,,,NC_000010.10:96708900:C:T,chr10,94949144,.,C,T,.,.,GT:PS,0/0:.,NC_000010.11:94949143:C:T
CYP2C9,10,,,,NC_000010.10:96708973:A:G,chr10,94949217,rs2256871,A,G,.,.,GT:PS,0/0:.,NC_000010.11:94949216:A:G
CYP2C9,10,,,,NC_000010.10:96709036:A:G,chr10,94949280,rs9332130,A,G,.,.,GT:PS,0/0:.,NC_000010.11:94949279:A:G
CYP2C9,10,,,,NC_000010.10:96709038:AA:A,chr10,94949281,rs9332131,GA,G,.,.,GT:PS,0/0:.,NC_000010.11:94949281:AA:A
CYP2C9,10,,,,NC_000010.10:96731875:C:A,chr10,94972119,rs182132442,C,A,.,.,GT:PS,0/0:.,NC_000010.11:94972118:C:A
CYP2C9,10,,,,NC_000010.10:96731890:A:G,chr10,94972134,.,A,G,.,.,GT:PS,0/0:.,NC_000010.11:94972133:A:G
CYP2C9,10,,,,NC_000010.10:96731935:A:G,chr10,94972179,rs72558192,A,G,.,.,GT:PS,0/0:.,NC_000010.11:94972178:A:G
CYP2C9,10,,,,NC_000010.10:96731936:C:G,chr10,94972180,.,C,G,.,.,GT:PS,0/0:.,NC_000010.11:94972179:C:G
CYP2C9,10,,,,NC_000010.10:96731989:C:T,chr10,94972233,.,C,T,.,.,GT:PS,0/0:.,NC_000010.11:94972232:C:T
CYP2C9,10,,,,NC_000010.10:96740957:T:C,chr10,94981201,rs57505750,T,C,.,.,GT:PS,0/0:.,NC_000010.11:94981200:T:C
CYP2C9,10,,,,NC_000010.10:96740980:C:T,chr10,94981224,rs28371685,C,T,.,.,GT:PS,0/0:.,NC_000010.11:94981223:C:T
CYP2C9,10,,,,NC_000010.10:96740981:G:A,chr10,94981225,rs367826293,G,A,.,.,GT:PS,0/0:.,NC_000010.11:94981224:G:A
CYP2C9,10,,,,NC_000010.10:96741006:C:A,chr10,94981250,rs750820937,C,A,.,.,GT:PS,0/0:.,NC_000010.11:94981249:C:A
CYP2C9,10,,,,NC_000010.10:96741037:G:A,chr10,94981281,rs749060448,G,A,.,.,GT:PS,0/0:.,NC_000010.11:94981280:G:A
CYP2C9,10,,,,NC_000010.10:96741052:A:C,chr10,94981296,rs1057910,A,C,.,.,GT:PS,0/0:.,NC_000010.11:94981295:A:C
CYP2C9,10,,,,NC_000010.10:96741053:T:C,chr10,94981297,rs56165452,T,C,.,.,GT:PS,0/0:.,NC_000010.11:94981296:T:C
CYP2C9,10,,,,NC_000010.10:96741057:C:G,chr10,94981301,rs28371686,C,G,.,.,GT:PS,0/0:.,NC_000010.11:94981300:C:G
CYP2C9,10,,,,NC_000010.10:96741058:C:A,chr10,94981302,.,C,A,.,.,GT:PS,0/0:.,NC_000010.11:94981301:C:A
CYP2C9,10,,,,NC_000010.10:96741121:C:T,chr10,94981365,.,C,T,.,.,GT:PS,0/0:.,NC_000010.11:94981364:C:T
CYP2C9,10,,,,NC_000010.10:96745798:A:G,chr10,94986042,rs764211126,A,G,.,.,GT:PS,0/0:.,NC_000010.11:94986041:A:G
CYP2C9,10,,,,NC_000010.10:96745829:A:C,chr10,94986073,rs72558193,A,C,.,.,GT:PS,0/0:.,NC_000010.11:94986072:A:C
CYP2C9,10,,,,NC_000010.10:96748673:G:C,chr10,94988917,rs769942899,G,C,.,.,GT:PS,0/0:.,NC_000010.11:94988916:G:C
CYP2C9,10,,,,NC_000010.10:96748740:G:A,chr10,94988984,rs781583846,G,A,.,.,GT:PS,0/0:.,NC_000010.11:94988983:G:A
CYP2C9,10,,,,NC_000010.10:96748776:C:T,chr10,94989020,rs9332239,C,T,.,.,GT:PS,0/0:.,NC_000010.11:94989019:C:T
CYP2C9,10,,,,NC_000010.10:96748779:G:T,chr10,94989023,.,G,T,.,.,GT:PS,0/0:.,NC_000010.11:94989022:G:T
SLCO1B1,12,,,,NC_000012.11:21283321:G:A,chr12,21130388,rs4149015,G,A,.,.,GT:PS,0/0:.,NC_000012.12:21130387:G:A
SLCO1B1,12,,,,NC_000012.11:21325667:C:T,chr12,21172734,rs139257324,C,T,.,.,GT:PS,0/0:.,NC_000012.12:21172733:C:T
SLCO1B1,12,,,,NC_000012.11:21325709:G:A,chr12,21172776,rs373327528,G,A,.,.,GT:PS,0/0:.,NC_000012.12:21172775:G:A
SLCO1B1,12,,,,NC_000012.11:21325715:T:C,chr12,21172782,rs56101265,T,C,.,.,GT:PS,0/0:.,NC_000012.12:21172781:T:C
SLCO1B1,12,,,,NC_000012.11:21327528:T:C,chr12,21174595,rs56061388,T,C,.,.,GT:PS,0/0:.,NC_000012.12:21174594:T:C
SLCO1B1,12,,,,NC_000012.11:21329737:A:G,chr12,21176804,rs2306283,A,G,.,.,GT:PS,0/0:.,NC_000012.12:21176803:A:G
SLCO1B1,12,,,,NC_000012.11:21329760:G:A,chr12,21176827,rs11045818,G,A,.,.,GT:PS,0/0:.,NC_000012.12:21176826:G:A
SLCO1B1,12,,,,NC_000012.11:21329801:A:G,chr12,21176868,rs2306282,A,G,.,.,GT:PS,0/0:.,NC_000012.12:21176867:A:G
SLCO1B1,12,,,,NC_000012.11:21329812:C:A,chr12,21176879,rs11045819,C,A,.,.,GT:PS,0/0:.,NC_000012.12:21176878:C:A
SLCO1B1,12,,,,NC_000012.11:21329816:A:G,chr12,21176883,rs72559745,A,G,.,.,GT:PS,0/0:.,NC_000012.12:21176882:A:G
SLCO1B1,12,,,,NC_000012.11:21331548:T:C,chr12,21178615,rs4149056,T,C,.,.,GT:PS,0/0:.,NC_000012.12:21178614:T:C
SLCO1B1,12,,,,NC_000012.11:21331598:T:C,chr12,21178665,rs4149057,T,C,.,.,GT:PS,0/0:.,NC_000012.12:21178664:T:C
SLCO1B1,12,,,,NC_000012.11:21331605:T:G,chr12,21178672,rs72559746,T,G,.,.,GT:PS,0/0:.,NC_000012.12:21178671:T:G
SLCO1B1,12,,,,NC_000012.11:21331624:C:T,chr12,21178691,rs2291075,C,T,.,.,GT:PS,0/0:.,NC_000012.12:21178690:C:T
SLCO1B1,12,,,,NC_000012.11:21331890:A:G,chr12,21178957,rs79135870,A,G,.,.,GT:PS,0/0:.,NC_000012.12:21178956:A:G
SLCO1B1,12,,,,NC_000012.11:21349884:A:G,chr12,21196951,rs11045852,A,G,.,.,GT:PS,0/0:.,NC_000012.12:21196950:A:G
SLCO1B1,12,,,,NC_000012.11:21349909:G:A,chr12,21196976,rs11045853,G,A,.,.,GT:PS,0/0:.,NC_000012.12:21196975:G:A
SLCO1B1,12,,,,NC_000012.11:21353528:T:C,chr12,21200595,rs55901008,T,C,.,.,GT:PS,0/0:.,NC_000012.12:21200594:T:C
SLCO1B1,12,,,,NC_000012.11:21355486:T:G,chr12,21202553,.,T,G,.,.,GT:PS,0/0:.,NC_000012.12:21202552:T:G
SLCO1B1,12,,,,NC_000012.11:21355488:C:G,chr12,21202555,rs59113707,C,G,.,.,GT:PS,0/0:.,NC_000012.12:21202554:C:G
SLCO1B1,12,,,,NC_000012.11:21355582:A:G,chr12,21202649,rs56387224,A,G,.,.,GT:PS,0/0:.,NC_000012.12:21202648:A:G
SLCO1B1,12,,,,NC_000012.11:21355597:G:A,chr12,21202664,rs142965323,G,A,.,.,GT:PS,0/0:.,NC_000012.12:21202663:G:A
SLCO1B1,12,,,,NC_000012.11:21358854:A:G,chr12,21205921,rs72559748,A,G,.,.,GT:PS,0/0:.,NC_000012.12:21205920:A:G
SLCO1B1,12,,,,NC_000012.11:21358932:G:C,chr12,21205999,rs59502379,G,C,.,.,GT:PS,0/0:.,NC_000012.12:21205998:G:C
SLCO1B1,12,,,,NC_000012.11:21391975:A:C,chr12,21239042,rs34671512,A,C,.,.,GT:PS,0/0:.,NC_000012.12:21239041:A:C
SLCO1B1,12,,,,NC_000012.11:21392010:A:G,chr12,21239077,rs56199088,A,G,.,.,GT:PS,0/0:.,NC_000012.12:21239076:A:G
SLCO1B1,12,,,,NC_000012.11:21392046:A:G,chr12,21239113,rs55737008,A,G,.,.,GT:PS,0/0:.,NC_000012.12:21239112:A:G
SLCO1B1,12,,,,NC_000012.11:21392078:C:T,chr12,21239145,rs200995543,C,T,.,.,GT:PS,0/0:.,NC_000012.12:21239144:C:T
SLCO1B1,12,,,,NC_000012.11:21392091:C:T,chr12,21239158,rs140790673,C,T,.,.,GT:PS,0/0:.,NC_000012.12:21239157:C:T
VKORC1,16,,,,NC_000016.9:31107688:C:T,chr16,31096368,rs9923231,C,T,.,.,GT:PS,0/0:.,NC_000016.10:31096367:C:T
CYP4F2,19,,,,NC_000019.9:15990430:C:T,chr19,15879621,rs2108622,C,T,.,.,GT:PS,0/0:.,NC_000019.10:15879620:C:T
CYP4F2,19,,,,NC_000019.9:16008387:A:C,chr19,15897578,rs3093105,A,C,.,.,GT:PS,0/0:.,NC_000019.10:15897577:A:C
IFNL3,19,,,,NC_000019.9:39738786:C:T,chr19,39248147,rs12979860,C,T,.,.,GT:PS,0/0:.,NC_000019.10:39248146:C:T
CYP2D6,22,42522580,C,T,NC_000022.10:42522579:C:T,chr22,42126578,rs1440526469,C,T,.,.,GT:PS,0/0:.,NC_000022.11:42126577:C:T
CYP2D6,22,42522607,G,A,NC_000022.10:42522606:G:A,chr22,42126605,rs568495591,G,A,.,.,GT:PS,0/0:.,NC_000022.11:42126604:G:A
CYP2D6,22,42522625,G,C,NC_000022.10:42522624:G:C,chr22,42126623,rs75467367,G,C,.,.,GT:PS,0/0:.,NC_000022.11:42126622:G:C
CYP2D6,22,42522625,G,C,NC_000022.10:42522624:G:C,chr22,42126623,rs75467367,G,C,.,.,GT:PS,0/0:.,NC_000022.11:42126622:G:C
CYP2D6,22,42522625,G,C,NC_000022.10:42522624:G:C,chr22,42126623,rs75467367,G,C,.,.,GT:PS,0/0:.,NC_000022.11:42126622:G:C
CYP2D6,22,42522626,C,T,NC_000022.10:42522625:C:T,chr22,42126624,rs74478221,C,T,.,.,GT:PS,0/0:.,NC_000022.11:42126623:C:T
CYP2D6,22,42522626,C,T,NC_000022.10:42522625:C:T,chr22,42126624,rs74478221,C,T,.,.,GT:PS,0/0:.,NC_000022.11:42126623:C:T
CYP2D6,22,42522626,C,T,NC_000022.10:42522625:C:T,chr22,42126624,rs74478221,C,T,.,.,GT:PS,0/0:.,NC_000022.11:42126623:C:T
CYP2D6,22,42522629,A,C,NC_000022.10:42522628:A:C,chr22,42126627,rs1135838,A,C,.,.,GT:PS,0/0:.,NC_000022.11:42126626:A:C
CYP2D6,22,42522629,A,C,NC_000022.10:42522628:A:C,chr22,42126627,rs1135838,A,C,.,.,GT:PS,0/0:.,NC_000022.11:42126626:A:C
CYP2D6,22,42522629,A,C,NC_000022.10:42522628:A:C,chr22,42126627,rs1135838,A,C,.,.,GT:PS,0/0:.,NC_000022.11:42126626:A:C
CYP2D6,22,42522635,C,G,NC_000022.10:42522634:C:G,chr22,42126633,rs1135837,C,G,.,.,GT:PS,0/0:.,NC_000022.11:42126632:C:G
CYP2D6,22,42522635,C,G,NC_000022.10:42522634:C:G,chr22,42126633,rs1135837,C,G,.,.,GT:PS,0/0:.,NC_000022.11:42126632:C:G
CYP2D6,22,42522635,C,G,NC_000022.10:42522634:C:G,chr22,42126633,rs1135837,C,G,.,.,GT:PS,0/0:.,NC_000022.11:42126632:C:G
CYP2D6,22,42522636,A,C,NC_000022.10:42522635:A:C,chr22,42126634,-,A,C,.,.,GT:PS,0/0:.,NC_000022.11:42126633:A:C
CYP2D6,22,42522637,T,G,NC_000022.10:42522636:T:G,chr22,42126635,rs766507177,T,G,.,.,GT:PS,0/0:.,NC_000022.11:42126634:T:G
CYP2D6,22,42522637,T,G,NC_000022.10:42522636:T:G,chr22,42126635,rs766507177,T,G,.,.,GT:PS,0/0:.,NC_000022.11:42126634:T:G
CYP2D6,22,42522637,T,G,NC_000022.10:42522636:T:G,chr22,42126635,rs766507177,T,G,.,.,GT:PS,0/0:.,NC_000022.11:42126634:T:G
CYP2D6,22,42522638,G,A,NC_000022.10:42522637:G:A,chr22,42126636,rs28371735,G,A,.,.,GT:PS,0/0:.,NC_000022.11:42126635:G:A
CYP2D6,22,42522638,G,A,NC_000022.10:42522637:G:A,chr22,42126636,rs28371735,G,A,.,.,GT:PS,0/0:.,NC_000022.11:42126635:G:A
CYP2D6,22,42522638,G,A,NC_000022.10:42522637:G:A,chr22,42126636,rs28371735,G,A,.,.,GT:PS,0/0:.,NC_000022.11:42126635:G:A
CYP2D6,22,42522649,C,T,NC_000022.10:42522648:C:T,chr22,42126647,rs141756339,C,T,.,.,GT:PS,0/0:.,NC_000022.11:42126646:C:T
CYP2D6,22,42522662,T,C,NC_000022.10:42522661:T:C,chr22,42126660,rs1135835,T,C,.,.,GT:PS,0/0:.,NC_000022.11:42126659:T:C
CYP2D6,22,42522662,T,C,NC_000022.10:42522661:T:C,chr22,42126660,rs1135835,T,C,.,.,GT:PS,0/0:.,NC_000022.11:42126659:T:C
CYP2D6,22,42522662,T,C,NC_000022.10:42522661:T:C,chr22,42126660,rs1135835,T,C,.,.,GT:PS,0/0:.,NC_000022.11:42126659:T:C
CYP2D6,22,42522665,G,C,NC_000022.10:42522664:G:C,chr22,42126663,rs1135833,G,C,.,.,GT:PS,0/0:.,NC_000022.11:42126662:G:C
CYP2D6,22,42522665,G,C,NC_000022.10:42522664:G:C,chr22,42126663,rs1135833,G,C,.,.,GT:PS,0/0:.,NC_000022.11:42126662:G:C
CYP2D6,22,42522665,G,C,NC_000022.10:42522664:G:C,chr22,42126663,rs1135833,G,C,.,.,GT:PS,0/0:.,NC_000022.11:42126662:G:C
CYP2D6,22,42522668,-,AGTGGGCAC,NC_000022.10:42522667::AGTGGGCAC,chr22,42126665,-,A,AAGTGGGCAC,.,.,GT:PS,0/0:.,NC_000022.11:42126665::AGTGGGCAC
CYP2D6,22,42522683,G,C,NC_000022.10:42522682:G:C,chr22,42126681,-,G,C,.,.,GT:PS,0/0:.,NC_000022.11:42126680:G:C
CYP2D6,22,42522699,G,T,NC_000022.10:42522698:G:T,chr22,42126697,-,G,T,.,.,GT:PS,0/0:.,NC_000022.11:42126696:G:T
CYP2D6,22,42522721,C,T,NC_000022.10:42522720:C:T,chr22,42126719,rs369177208,C,T,.,.,GT:PS,0/0:.,NC_000022.11:42126718:C:T
CYP2D6,22,42522737,C,T,NC_000022.10:42522736:C:T,chr22,42126735,rs751092905,C,T,.,.,GT:PS,0/0:.,NC_000022.11:42126734:C:T
CYP2D6,22,42522748,C,T,NC_000022.10:42522747:C:T,chr22,42126746,rs532668079,C,T,.,.,GT:PS,0/0:.,NC_000022.11:42126745:C:T
CYP2D6,22,42522749,G,A,NC_000022.10:42522748:G:A,chr22,42126747,rs730882251,G,A,.,.,GT:PS,0/0:.,NC_000022.11:42126746:G:A
CYP2D6,22,42522751,C,T,NC_000022.10:42522750:C:T,chr22,42126749,rs267608319,C,T,.,.,GT:PS,0/0:.,NC_000022.11:42126748:C:T
CYP2D6,22,42522754,C,T,NC_000022.10:42522753:C:T,chr22,42126752,rs569439709,C,T,.,.,GT:PS,0/0:.,NC_000022.11:42126751:C:T
CYP2D6,22,42522879,G,A,NC_000022.10:42522878:G:A,chr22,42126877,rs3021084,G,A,.,.,GT:PS,0/0:.,NC_000022.11:42126876:G:A
CYP2D6,22,42522898,G,A,NC_000022.10:42522897:G:A,chr22,42126896,rs763964554,G,A,.,.,GT:PS,0/0:.,NC_000022.11:42126895:G:A
CYP2D6,22,42522916,C,T,NC_000022.10:42522915:C:T,chr22,42126914,rs28371733,C,T,.,.,GT:PS,0/0:.,NC_000022.11:42126913:C:T
CYP2D6,22,42522916,C,T,NC_000022.10:42522915:C:T,chr22,42126914,rs28371733,C,T,.,.,GT:PS,0/0:.,NC_000022.11:42126913:C:T
CYP2D6,22,42522928,G,A,NC_000022.10:42522927:G:A,chr22,42126926,rs747089665,G,A,.,.,GT:PS,0/0:.,NC_000022.11:42126925:G:A
CYP2D6,22,42522940,C,T,NC_000022.10:42522939:C:T,chr22,42126938,rs769157652,C,T,.,.,GT:PS,0/0:.,NC_000022.11:42126937:C:T
CYP2D6,22,42522940,C,T,NC_000022.10:42522939:C:T,chr22,42126938,rs769157652,C,T,.,.,GT:PS,0/0:.,NC_000022.11:42126937:C:T
CYP2D6,22,42522958,T,G,NC_000022.10:42522957:T:G,chr22,42126956,-,T,G,.,.,GT:PS,0/0:.,NC_000022.11:42126955:T:G
CYP2D6,22,42522983,-,GA,NC_000022.10:42522982:GAG:GAGAG,chr22,42126980,-,T,TGA,.,.,GT:PS,0/0:.,NC_000022.11:42126980:GAG:GAGAG
CYP2D6,22,42523459,C,T,NC_000022.10:42523458:C:T,chr22,42127457,rs77312092,C,T,.,.,GT:PS,0/0:.,NC_000022.11:42127456:C:T
CYP2D6,22,42523475,C,T,NC_000022.10:42523474:C:T,chr22,42127473,rs75386357,C,T,.,.,GT:PS,0/0:.,NC_000022.11:42127472:C:T
CYP2D6,22,42523514,C,T,NC_000022.10:42523513:C:T,chr22,42127512,rs61745683,C,T,.,.,GT:PS,0/0:.,NC_000022.11:42127511:C:T
CYP2D6,22,42523516,A,G,NC_000022.10:42523515:A:G,chr22,42127514,-,A,G,.,.,GT:PS,0/0:.,NC_000022.11:42127513:A:G
CYP2D6,22,42523525,A,G,NC_000022.10:42523524:A:G,chr22,42127523,rs1555888910,A,G,.,.,GT:PS,0/0:.,NC_000022.11:42127522:A:G
CYP2D6,22,42523528,C,T,NC_000022.10:42523527:C:T,chr22,42127526,rs1058172,C,T,.,.,GT:PS,0/0:.,NC_000022.11:42127525:C:T
CYP2D6,22,42523528,C,T,NC_000022.10:42523527:C:T,chr22,42127526,rs1058172,C,T,.,.,GT:PS,0/0:.,NC_000022.11:42127525:C:T
CYP2D6,22,42523535,-,AC,NC_000022.10:42523534::AC,chr22,42127532,rs72549346,A,AAC,.,.,GT:PS,0/0:.,NC_000022.11:42127532::AC
CYP2D6,22,42523558,T,C,NC_000022.10:42523557:T:C,chr22,42127556,rs202102799,T,C,.,.,GT:PS,0/0:.,NC_000022.11:42127555:T:C
CYP2D6,22,42523558,T,C,NC_000022.10:42523557:T:C,chr22,42127556,rs202102799,T,C,.,.,GT:PS,0/0:.,NC_000022.11:42127555:T:C
CYP2D6,22,42523567,T,C,NC_000022.10:42523566:T:C,chr22,42127565,rs61736517,T,C,.,.,GT:PS,0/0:.,NC_000022.11:42127564:T:C
CYP2D6,22,42523591,C,T,NC_000022.10:42523590:C:T,chr22,42127589,rs76088846,C,T,.,.,GT:PS,0/0:.,NC_000022.11:42127588:C:T
CYP2D6,22,42523592,G,A,NC_000022.10:42523591:G:A,chr22,42127590,rs72549347,G,A,.,.,GT:PS,0/0:.,NC_000022.11:42127589:G:A
CYP2D6,22,42523595,G,C,NC_000022.10:42523594:G:C,chr22,42127593,rs267608295,G,C,.,.,GT:PS,0/0:.,NC_000022.11:42127592:G:C
CYP2D6,22,42523604,C,T,NC_000022.10:42523603:C:T,chr22,42127602,-,C,T,.,.,GT:PS,0/0:.,NC_000022.11:42127601:C:T
CYP2D6,22,42523610,C,T,NC_000022.10:42523609:C:T,chr22,42127608,rs59421388,C,T,.,.,GT:PS,0/0:.,NC_000022.11:42127607:C:T
CYP2D6,22,42523610,C,T,NC_000022.10:42523609:C:T,chr22,42127608,rs59421388,C,T,.,.,GT:PS,0/0:.,NC_000022.11:42127607:C:T
CYP2D6,22,42523610,C,T,NC_000022.10:42523609:C:T,chr22,42127608,rs59421388,C,T,.,.,GT:PS,0/0:.,NC_000022.11:42127607:C:T
CYP2D6,22,42523612,T,C,NC_000022.10:42523611:T:C,chr22,42127610,rs748712690,T,C,.,.,GT:PS,0/0:.,NC_000022.11:42127609:T:C
CYP2D6,22,42523613,C,T,NC_000022.10:42523612:C:T,chr22,42127611,rs78209835,C,T,.,.,GT:PS,0/0:.,NC_000022.11:42127610:C:T
CYP2D6,22,42523621,T,G,NC_000022.10:42523620:T:G,chr22,42127619,rs72549348,T,G,.,.,GT:PS,0/0:.,NC_000022.11:42127618:T:G
CYP2D6,22,42523633,C,G,NC_000022.10:42523632:C:G,chr22,42127631,rs141009491,C,G,.,.,GT:PS,0/0:.,NC_000022.11:42127630:C:G
CYP2D6,22,42523805,C,T,NC_000022.10:42523804:C:T,chr22,42127803,rs28371725,C,T,.,.,GT:PS,0/0:.,NC_000022.11:42127802:C:T
CYP2D6,22,42523805,C,T,NC_000022.10:42523804:C:T,chr22,42127803,rs28371725,C,T,.,.,GT:PS,0/0:.,NC_000022.11:42127802:C:T
CYP2D6,22,42523805,C,T,NC_000022.10:42523804:C:T,chr22,42127803,rs28371725,C,T,.,.,GT:PS,0/0:.,NC_000022.11:42127802:C:T
CYP2D6,22,42523805,C,T,NC_000022.10:42523804:C:T,chr22,42127803,rs28371725,C,T,.,.,GT:PS,0/0:.,NC_000022.11:42127802:C:T
CYP2D6,22,42523805,C,T,NC_000022.10:42523804:C:T,chr22,42127803,rs28371725,C,T,.,.,GT:PS,0/0:.,NC_000022.11:42127802:C:T
CYP2D6,22,42523805,C,T,NC_000022.10:42523804:C:T,chr22,42127803,rs28371725,C,T,.,.,GT:PS,0/0:.,NC_000022.11:42127802:C:T
CYP2D6,22,42523805,C,T,NC_000022.10:42523804:C:T,chr22,42127803,rs28371725,C,T,.,.,GT:PS,0/0:.,NC_000022.11:42127802:C:T
CYP2D6,22,42523843,C,G,NC_000022.10:42523842:C:G,chr22,42127841,rs72549349,C,G,.,.,GT:PS,0/0:.,NC_000022.11:42127840:C:G
CYP2D6,22,42523848,CACATCCGGATGTAGGATC,-,NC_000022.10:42523847:CACATCCGGATGTAGGATC:,chr22,42127845,rs730882170,GCACATCCGGATGTAGGATC,G,.,.,GT:PS,0/0:.,NC_000022.11:42127845:CACATCCGGATGTAGGATC:
CYP2D6,22,42523854,C,T,NC_000022.10:42523853:C:T,chr22,42127852,rs79292917,C,T,.,.,GT:PS,0/0:.,NC_000022.11:42127851:C:T
CYP2D6,22,42523858,T,G,NC_000022.10:42523857:T:G,chr22,42127856,rs5030867,T,G,.,.,GT:PS,0/0:.,NC_000022.11:42127855:T:G
CYP2D6,22,42523901,T,C,NC_000022.10:42523900:T:C,chr22,42127899,-,T,C,.,.,GT:PS,0/0:.,NC_000022.11:42127898:T:C
CYP2D6,22,42523924,A,G,NC_000022.10:42523923:A:G,chr22,42127922,rs1406719554,A,G,.,.,GT:PS,0/0:.,NC_000022.11:42127921:A:G
CYP2D6,22,42523940,T,G,NC_000022.10:42523939:T:G,chr22,42127938,rs949717872,T,G,.,.,GT:PS,0/0:.,NC_000022.11:42127937:T:G
CYP2D6,22,42523975,T,C,NC_000022.10:42523974:T:C,chr22,42127973,rs1135829,T,C,.,.,GT:PS,0/0:.,NC_000022.11:42127972:T:C
CYP2D6,22,42523975,T,C,NC_000022.10:42523974:T:C,chr22,42127973,rs1135829,T,C,.,.,GT:PS,0/0:.,NC_000022.11:42127972:T:C
CYP2D6,22,42524176,CTT,-,NC_000022.10:42524175:CTTCT:CT,chr22,42128173,rs5030656,CCTT,C,.,.,GT:PS,0/0:.,NC_000022.11:42128173:CTTCT:CT
CYP2D6,22,42524176,CTT,-,NC_000022.10:42524175:CTTCT:CT,chr22,42128173,rs5030656,CCTT,C,.,.,GT:PS,0/0:.,NC_000022.11:42128173:CTTCT:CT
CYP2D6,22,42524176,CTT,-,NC_000022.10:42524175:CTTCT:CT,chr22,42128173,rs5030656,CCTT,C,.,.,GT:PS,0/0:.,NC_000022.11:42128173:CTTCT:CT
CYP2D6,22,42524183,A,T,NC_000022.10:42524182:A:T,chr22,42128181,rs1135828,A,T,.,.,GT:PS,0/0:.,NC_000022.11:42128180:A:T
CYP2D6,22,42524183,A,T,NC_000022.10:42524182:A:T,chr22,42128181,rs1135828,A,T,.,.,GT:PS,0/0:.,NC_000022.11:42128180:A:T
CYP2D6,22,42524187,C,T,NC_000022.10:42524186:C:T,chr22,42128185,rs77913725,C,T,.,.,GT:PS,0/0:.,NC_000022.11:42128184:C:T
CYP2D6,22,42524187,C,T,NC_000022.10:42524186:C:T,chr22,42128185,rs77913725,C,T,.,.,GT:PS,0/0:.,NC_000022.11:42128184:C:T
CYP2D6,22,42524203,AGTC,-,NC_000022.10:42524200:TCAGTCAG:TCAG,chr22,42128198,rs72549351,CTCAG,C,.,.,GT:PS,0/0:.,NC_000022.11:42128198:TCAGTCAG:TCAG
CYP2D6,22,42524220,-,G,NC_000022.10:42524213:GGGGGGG:GGGGGGGG,chr22,42128211,rs72549352,C,CG,.,.,GT:PS,0/0:.,NC_000022.11:42128211:GGGGGGG:GGGGGGGG
CYP2D6,22,42524214,G,A,NC_000022.10:42524213:G:A,chr22,42128212,rs367543000,G,A,.,.,GT:PS,0/0:.,NC_000022.11:42128211:G:A
CYP2D6,22,42524219,G,T,NC_000022.10:42524218:G:T,chr22,42128217,rs148769737,G,T,.,.,GT:PS,0/0:.,NC_000022.11:42128216:G:T
CYP2D6,22,42524237,G,A,NC_000022.10:42524236:G:A,chr22,42128235,rs267608297,G,A,.,.,GT:PS,0/0:.,NC_000022.11:42128234:G:A
CYP2D6,22,42524244,T,-,NC_000022.10:42524243:T:,chr22,42128241,rs35742686,CT,C,.,.,GT:PS,0/0:.,NC_000022.11:42128241:T:
CYP2D6,22,42524251,AGTT,-,NC_000022.10:42524250:AGTTAG:AG,chr22,42128248,rs72549353,CAGTT,C,.,.,GT:PS,0/0:.,NC_000022.11:42128248:AGTTAG:AG
CYP2D6,22,42524274,T,G,NC_000022.10:42524273:T:G,chr22,42128272,-,T,G,.,.,GT:PS,0/0:.,NC_000022.11:42128271:T:G
CYP2D6,22,42524310,C,A,NC_000022.10:42524309:C:A,chr22,42128308,rs28371717,C,A,.,.,GT:PS,0/0:.,NC_000022.11:42128307:C:A
CYP2D6,22,42524327,A,G,NC_000022.10:42524326:A:G,chr22,42128325,rs17002853,A,G,.,.,GT:PS,0/0:.,NC_000022.11:42128324:A:G
CYP2D6,22,42524798,G,-,NC_000022.10:42524797:G:,chr22,42128795,-,AG,A,.,.,GT:PS,0/0:.,NC_000022.11:42128795:G:
CYP2D6,22,42524814,A,G,NC_000022.10:42524813:A:G,chr22,42128812,rs199535154,A,G,.,.,GT:PS,0/0:.,NC_000022.11:42128811:A:G
CYP2D6,22,42524816,-,C,NC_000022.10:42524815::C,chr22,42128813,rs72549354,G,GC,.,.,GT:PS,0/0:.,NC_000022.11:42128813::C
CYP2D6,22,42524819,-,C,NC_000022.10:42524816:CCC:CCCC,chr22,42128814,rs72549354,T,TC,.,.,GT:PS,0/0:.,NC_000022.11:42128814:CCC:CCCC
CYP2D6,22,42524850,C,T,NC_000022.10:42524849:C:T,chr22,42128848,rs745365204,C,T,.,.,GT:PS,0/0:.,NC_000022.11:42128847:C:T
CYP2D6,22,42524880,C,A,NC_000022.10:42524879:C:A,chr22,42128878,-,C,A,.,.,GT:PS,0/0:.,NC_000022.11:42128877:C:A
CYP2D6,22,42524881,A,G,NC_000022.10:42524880:A:G,chr22,42128879,-,A,G,.,.,GT:PS,0/0:.,NC_000022.11:42128878:A:G
CYP2D6,22,42524905,-,TA,NC_000022.10:42524904:T:TAT,chr22,42128902,-,C,CTA,.,.,GT:PS,0/0:.,NC_000022.11:42128902:T:TAT
CYP2D6,22,42524938,-,GGGGCGAAA,NC_000022.10:42524935:AA:AAGGGGCGAAA,chr22,42128933,rs72549356,G,GAAGGGGCGA,.,.,GT:PS,0/0:.,NC_000022.11:42128933:AA:AAGGGGCGAAA
CYP2D6,22,42524938,-,GGGGCGAAA,NC_000022.10:42524935:AA:AAGGGGCGAAA,chr22,42128933,rs72549356,G,GAAGGGGCGA,.,.,GT:PS,0/0:.,NC_000022.11:42128933:AA:AAGGGGCGAAA
CYP2D6,22,42524938,-,GGGGCGAAAGGGGCGAAA,NC_000022.10:42524935:AA:AAGGGGCGAAAGGGGCGAAA,chr22,42128933,rs72549356,G,GAAGGGGCGAAAGGGGCGA,.,.,GT:PS,0/0:.,NC_000022.11:42128933:AA:AAGGGGCGAAAGGGGCGAAA
CYP2D6,22,42524947,C,T,NC_000022.10:42524946:C:T,chr22,42128945,rs3892097,C,T,.,.,GT:PS,0/0:.,NC_000022.11:42128944:C:T
CYP2D6,22,42525035,C,A,NC_000022.10:42525034:C:A,chr22,42129033,rs5030865,C,A,.,.,GT:PS,0/0:.,NC_000022.11:42129032:C:A
CYP2D6,22,42525035,C,T,NC_000022.10:42525034:C:T,chr22,42129033,rs5030865,C,T,.,.,GT:PS,0/0:.,NC_000022.11:42129032:C:T
CYP2D6,22,42525035,C,T,NC_000022.10:42525034:C:T,chr22,42129033,rs5030865,C,T,.,.,GT:PS,0/0:.,NC_000022.11:42129032:C:T
CYP2D6,22,42525038,A,C,NC_000022.10:42525037:A:C,chr22,42129036,rs1135826,A,C,.,.,GT:PS,0/0:.,NC_000022.11:42129035:A:C
CYP2D6,22,42525039,G,T,NC_000022.10:42525038:G:T,chr22,42129037,rs1135825,G,T,.,.,GT:PS,0/0:.,NC_000022.11:42129036:G:T
CYP2D6,22,42525044,T,C,NC_000022.10:42525043:T:C,chr22,42129042,rs1135824,T,C,.,.,GT:PS,0/0:.,NC_000022.11:42129041:T:C
CYP2D6,22,42525044,T,C,NC_000022.10:42525043:T:C,chr22,42129042,rs1135824,T,C,.,.,GT:PS,0/0:.,NC_000022.11:42129041:T:C
CYP2D6,22,42525058,C,G,NC_000022.10:42525057:C:G,chr22,42129056,-,C,G,.,.,GT:PS,0/0:.,NC_000022.11:42129055:C:G
CYP2D6,22,42525073,T,A,NC_000022.10:42525072:T:A,chr22,42129071,-,T,A,.,.,GT:PS,0/0:.,NC_000022.11:42129070:T:A
CYP2D6,22,42525073,T,G,NC_000022.10:42525072:T:G,chr22,42129071,rs267608302,T,G,.,.,GT:PS,0/0:.,NC_000022.11:42129070:T:G
CYP2D6,22,42525077,C,T,NC_000022.10:42525076:C:T,chr22,42129075,rs28371710,C,T,.,.,GT:PS,0/0:.,NC_000022.11:42129074:C:T
CYP2D6,22,42525077,C,T,NC_000022.10:42525076:C:T,chr22,42129075,rs28371710,C,T,.,.,GT:PS,0/0:.,NC_000022.11:42129074:C:T
CYP2D6,22,42525086,A,-,NC_000022.10:42525085:A:,chr22,42129083,rs5030655,CA,C,.,.,GT:PS,0/0:.,NC_000022.11:42129083:A:
CYP2D6,22,42525089,G,C,NC_000022.10:42525088:G:C,chr22,42129087,rs78482768,G,C,.,.,GT:PS,0/0:.,NC_000022.11:42129086:G:C
CYP2D6,22,42525100,T,C,NC_000022.10:42525099:T:C,chr22,42129098,rs569229126,T,C,.,.,GT:PS,0/0:.,NC_000022.11:42129097:T:C
CYP2D6,22,42525115,A,G,NC_000022.10:42525114:A:G,chr22,42129113,rs375135093,A,G,.,.,GT:PS,0/0:.,NC_000022.11:42129112:A:G
CYP2D6,22,42525134,C,T,NC_000022.10:42525133:C:T,chr22,42129132,rs61736512,C,T,.,.,GT:PS,0/0:.,NC_000022.11:42129131:C:T
CYP2D6,22,42525134,C,T,NC_000022.10:42525133:C:T,chr22,42129132,rs61736512,C,T,.,.,GT:PS,0/0:.,NC_000022.11:42129131:C:T
CYP2D6,22,42525134,C,T,NC_000022.10:42525133:C:T,chr22,42129132,rs61736512,C,T,.,.,GT:PS,0/0:.,NC_000022.11:42129131:C:T
CYP2D6,22,42525136,G,A,NC_000022.10:42525135:G:A,chr22,42129134,rs781457579,G,A,.,.,GT:PS,0/0:.,NC_000022.11:42129133:G:A
CYP2D6,22,42525157,C,T,NC_000022.10:42525156:C:T,chr22,42129155,rs1180015037,C,T,.,.,GT:PS,0/0:.,NC_000022.11:42129154:C:T
CYP2D6,22,42525176,C,A,NC_000022.10:42525175:C:A,chr22,42129174,rs1135823,C,A,.,.,GT:PS,0/0:.,NC_000022.11:42129173:C:A
CYP2D6,22,42525182,A,T,NC_000022.10:42525181:A:T,chr22,42129180,rs1135822,A,T,.,.,GT:PS,0/0:.,NC_000022.11:42129179:A:T
CYP2D6,22,42525182,A,T,NC_000022.10:42525181:A:T,chr22,42129180,rs1135822,A,T,.,.,GT:PS,0/0:.,NC_000022.11:42129179:A:T
CYP2D6,22,42525185,C,T,NC_000022.10:42525184:C:T,chr22,42129183,rs374616348,C,T,.,.,GT:PS,0/0:.,NC_000022.11:42129182:C:T
CYP2D6,22,42525761,C,T,NC_000022.10:42525760:C:T,chr22,42129759,rs535642512,C,T,.,.,GT:PS,0/0:.,NC_000022.11:42129758:C:T
CYP2D6,22,42525767,T,C,NC_000022.10:42525766:T:C,chr22,42129765,rs78459009,T,C,.,.,GT:PS,0/0:.,NC_000022.11:42129764:T:C
CYP2D6,22,42525772,G,A,NC_000022.10:42525771:G:A,chr22,42129770,rs28371706,G,A,.,.,GT:PS,0/0:.,NC_000022.11:42129769:G:A
CYP2D6,22,42525772,G,A,NC_000022.10:42525771:G:A,chr22,42129770,rs28371706,G,A,.,.,GT:PS,0/0:.,NC_000022.11:42129769:G:A
CYP2D6,22,42525772,G,A,NC_000022.10:42525771:G:A,chr22,42129770,rs28371706,G,A,.,.,GT:PS,0/0:.,NC_000022.11:42129769:G:A
CYP2D6,22,42525772,G,A,NC_000022.10:42525771:G:A,chr22,42129770,rs28371706,G,A,.,.,GT:PS,0/0:.,NC_000022.11:42129769:G:A
CYP2D6,22,42525772,G,T,NC_000022.10:42525771:G:T,chr22,42129770,rs28371706,G,T,.,.,GT:PS,0/0:.,NC_000022.11:42129769:G:T
CYP2D6,22,42525773,T,A,NC_000022.10:42525772:T:A,chr22,42129771,rs74802369,T,A,.,.,GT:PS,0/0:.,NC_000022.11:42129770:T:A
CYP2D6,22,42525781,A,G,NC_000022.10:42525780:A:G,chr22,42129779,rs76187628,A,G,.,.,GT:PS,0/0:.,NC_000022.11:42129778:A:G
CYP2D6,22,42525781,A,G,NC_000022.10:42525780:A:G,chr22,42129779,rs76187628,A,G,.,.,GT:PS,0/0:.,NC_000022.11:42129778:A:G
CYP2D6,22,42525782,C,T,NC_000022.10:42525781:C:T,chr22,42129780,rs267608308,C,T,.,.,GT:PS,0/0:.,NC_000022.11:42129779:C:T
CYP2D6,22,42525811,T,C,NC_000022.10:42525810:T:C,chr22,42129809,rs28371704,T,C,.,.,GT:PS,0/0:.,NC_000022.11:42129808:T:C
CYP2D6,22,42525821,G,T,NC_000022.10:42525820:G:T,chr22,42129819,rs28371703,G,T,.,.,GT:PS,0/0:.,NC_000022.11:42129818:G:T
CYP2D6,22,42525821,G,T,NC_000022.10:42525820:G:T,chr22,42129819,rs28371703,G,T,.,.,GT:PS,0/0:.,NC_000022.11:42129818:G:T
CYP2D6,22,42525823,G,A,NC_000022.10:42525822:G:A,chr22,42129821,rs267608309,G,A,.,.,GT:PS,0/0:.,NC_000022.11:42129820:G:A
CYP2D6,22,42525823,G,A,NC_000022.10:42525822:G:A,chr22,42129821,rs267608309,G,A,.,.,GT:PS,0/0:.,NC_000022.11:42129820:G:A
CYP2D6,22,42525823,G,A,NC_000022.10:42525822:G:A,chr22,42129821,rs267608309,G,A,.,.,GT:PS,0/0:.,NC_000022.11:42129820:G:A
CYP2D6,22,42525829,C,G,NC_000022.10:42525828:C:G,chr22,42129827,rs267608276,C,G,.,.,GT:PS,0/0:.,NC_000022.11:42129826:C:G
CYP2D6,22,42525838,G,A,NC_000022.10:42525837:G:A,chr22,42129836,rs267608310,G,A,.,.,GT:PS,0/0:.,NC_000022.11:42129835:G:A
CYP2D6,22,42525889,A,G,NC_000022.10:42525888:A:G,chr22,42129887,-,A,G,.,.,GT:PS,0/0:.,NC_000022.11:42129886:A:G
CYP2D6,22,42525908,G,A,NC_000022.10:42525907:G:A,chr22,42129906,rs267608311,G,A,.,.,GT:PS,0/0:.,NC_000022.11:42129905:G:A
CYP2D6,22,42525912,C,G,NC_000022.10:42525911:C:G,chr22,42129910,rs201377835,C,G,.,.,GT:PS,0/0:.,NC_000022.11:42129909:C:G
CYP2D6,22,42526657,-,A,NC_000022.10:42526656:A:AA,chr22,42130654,rs774671100,C,CA,.,.,GT:PS,0/0:.,NC_000022.11:42130654:A:AA
CYP2D6,22,42526669,C,T,NC_000022.10:42526668:C:T,chr22,42130667,rs118203758,C,T,.,.,GT:PS,0/0:.,NC_000022.11:42130666:C:T
CYP2D6,22,42526670,C,T,NC_000022.10:42526669:C:T,chr22,42130668,rs5030862,C,T,.,.,GT:PS,0/0:.,NC_000022.11:42130667:C:T
CYP2D6,22,42526694,G,A,NC_000022.10:42526693:G:A,chr22,42130692,rs1065852,G,A,.,.,GT:PS,0/0:.,NC_000022.11:42130691:G:A
CYP2D6,22,42526694,G,A,NC_000022.10:42526693:G:A,chr22,42130692,rs1065852,G,A,.,.,GT:PS,0/0:.,NC_000022.11:42130691:G:A
CYP2D6,22,42526694,G,A,NC_000022.10:42526693:G:A,chr22,42130692,rs1065852,G,A,.,.,GT:PS,0/0:.,NC_000022.11:42130691:G:A
CYP2D6,22,42526694,G,A,NC_000022.10:42526693:G:A,chr22,42130692,rs1065852,G,A,.,.,GT:PS,0/0:.,NC_000022.11:42130691:G:A
CYP2D6,22,42526694,G,A,NC_000022.10:42526693:G:A,chr22,42130692,rs1065852,G,A,.,.,GT:PS,0/0:.,NC_000022.11:42130691:G:A
CYP2D6,22,42526694,G,A,NC_000022.10:42526693:G:A,chr22,42130692,rs1065852,G,A,.,.,GT:PS,0/0:.,NC_000022.11:42130691:G:A
CYP2D6,22,42526694,G,A,NC_000022.10:42526693:G:A,chr22,42130692,rs1065852,G,A,.,.,GT:PS,0/0:.,NC_000022.11:42130691:G:A
CYP2D6,22,42526694,G,A,NC_000022.10:42526693:G:A,chr22,42130692,rs1065852,G,A,.,.,GT:PS,0/0:.,NC_000022.11:42130691:G:A
CYP2D6,22,42526694,G,A,NC_000022.10:42526693:G:A,chr22,42130692,rs1065852,G,A,.,.,GT:PS,0/0:.,NC_000022.11:42130691:G:A
CYP2D6,22,42526694,G,A,NC_000022.10:42526693:G:A,chr22,42130692,rs1065852,G,A,.,.,GT:PS,0/0:.,NC_000022.11:42130691:G:A
CYP2D6,22,42526694,G,A,NC_000022.10:42526693:G:A,chr22,42130692,rs1065852,G,A,.,.,GT:PS,0/0:.,NC_000022.11:42130691:G:A
CYP2D6,22,42526694,G,A,NC_000022.10:42526693:G:A,chr22,42130692,rs1065852,G,A,.,.,GT:PS,0/0:.,NC_000022.11:42130691:G:A
CYP2D6,22,42526694,G,A,NC_000022.10:42526693:G:A,chr22,42130692,rs1065852,G,A,.,.,GT:PS,0/0:.,NC_000022.11:42130691:G:A
CYP2D6,22,42526694,G,A,NC_000022.10:42526693:G:A,chr22,42130692,rs1065852,G,A,.,.,GT:PS,0/0:.,NC_000022.11:42130691:G:A
CYP2D6,22,42526694,G,A,NC_000022.10:42526693:G:A,chr22,42130692,rs1065852,G,A,.,.,GT:PS,0/0:.,NC_000022.11:42130691:G:A
CYP2D6,22,42526694,G,A,NC_000022.10:42526693:G:A,chr22,42130692,rs1065852,G,A,.,.,GT:PS,0/0:.,NC_000022.11:42130691:G:A
CYP2D6,22,42526694,G,A,NC_000022.10:42526693:G:A,chr22,42130692,rs1065852,G,A,.,.,GT:PS,0/0:.,NC_000022.11:42130691:G:A
CYP2D6,22,42526694,G,A,NC_000022.10:42526693:G:A,chr22,42130692,rs1065852,G,A,.,.,GT:PS,0/0:.,NC_000022.11:42130691:G:A
CYP2D6,22,42526694,G,A,NC_000022.10:42526693:G:A,chr22,42130692,rs1065852,G,A,.,.,GT:PS,0/0:.,NC_000022.11:42130691:G:A
CYP2D6,22,42526712,G,A,NC_000022.10:42526711:G:A,chr22,42130710,rs138100349,G,A,.,.,GT:PS,0/0:.,NC_000022.11:42130709:G:A
CYP2D6,22,42526712,G,A,NC_000022.10:42526711:G:A,chr22,42130710,rs138100349,G,A,.,.,GT:PS,0/0:.,NC_000022.11:42130709:G:A
CYP2D6,22,42526717,C,T,NC_000022.10:42526716:C:T,chr22,42130715,rs28371696,C,T,.,.,GT:PS,0/0:.,NC_000022.11:42130714:C:T
CYP2D6,22,42526717,C,T,NC_000022.10:42526716:C:T,chr22,42130715,rs28371696,C,T,.,.,GT:PS,0/0:.,NC_000022.11:42130714:C:T
CYP2D6,22,42526721,G,A,NC_000022.10:42526720:G:A,chr22,42130719,rs267608313,G,A,.,.,GT:PS,0/0:.,NC_000022.11:42130718:G:A
CYP2D6,22,42526730,G,-,NC_000022.10:42526729:GG:G,chr22,42130727,-,AG,A,.,.,GT:PS,0/0:.,NC_000022.11:42130727:GG:G
CYP2D6,22,42526763,C,T,NC_000022.10:42526762:C:T,chr22,42130761,rs769258,C,T,.,.,GT:PS,0/0:.,NC_000022.11:42130760:C:T
CYP2D6,22,42526775,C,T,NC_000022.10:42526774:C:T,chr22,42130773,rs72549358,C,T,.,.,GT:PS,0/0:.,NC_000022.11:42130772:C:T
CYP2D6,22,42526780,G,A,NC_000022.10:42526779:G:A,chr22,42130778,rs773790593,G,A,.,.,GT:PS,0/0:.,NC_000022.11:42130777:G:A